<?xml version="1.0" encoding="UTF-8"?>
<metadata xml:lang="en"><Esri><CreaDate>20200427</CreaDate><CreaTime>14033000</CreaTime><ArcGISFormat>1.0</ArcGISFormat><SyncOnce>FALSE</SyncOnce><DataProperties><lineage><Process ToolSource="c:\program files (x86)\arcgis\desktop10.1\ArcToolbox\Toolboxes\Data Management Tools.tbx\CalculateField" Date="20130905" Time="141831">CalculateField NC_FLOOD.DBO.V_E_HYDRACROSSSECTION ISNEW 0 VB #</Process><Process ToolSource="c:\program files (x86)\arcgis\desktop10.1\ArcToolbox\Toolboxes\Data Management Tools.tbx\CalculateField" Date="20130905" Time="141919">CalculateField NC_FLOOD.DBO.V_E_HYDRACROSSSECTION V_XSECTID "[V_XSECTID] +10" VB #</Process><Process ToolSource="c:\program files (x86)\arcgis\desktop10.1\ArcToolbox\Toolboxes\Data Management Tools.tbx\CalculateField" Date="20130905" Time="141937">CalculateField NC_FLOOD.DBO.V_E_HYDRACROSSSECTION V_XSECTID [XSECTID] VB #</Process><Process ToolSource="c:\program files (x86)\arcgis\desktop10.1\ArcToolbox\Toolboxes\Data Management Tools.tbx\CalculateField" Date="20130905" Time="141954">CalculateField NC_FLOOD.DBO.V_E_HYDRACROSSSECTION V_XSECTID "[V_XSECTID] &amp;"10"" VB #</Process><Process ToolSource="c:\program files (x86)\arcgis\desktop10.1\ArcToolbox\Toolboxes\Data Management Tools.tbx\CalculateField" Date="20131001" Time="152750">CalculateField NC_FLOOD.DBO.V_E_HYDRACROSSSECTION REFPTID "CF002200901079" VB #</Process><Process ToolSource="c:\program files (x86)\arcgis\desktop10.1\ArcToolbox\Toolboxes\Data Management Tools.tbx\CalculateField" Date="20131001" Time="153718">CalculateField NC_FLOOD.DBO.V_E_HYDRACROSSSECTION REFPTID "CF0072009011430" VB #</Process><Process ToolSource="c:\program files (x86)\arcgis\desktop10.1\ArcToolbox\Toolboxes\Data Management Tools.tbx\CalculateField" Date="20131001" Time="154315">CalculateField NC_FLOOD.DBO.V_E_HYDRACROSSSECTION REFPTID "CF0092009010913" VB #</Process><Process ToolSource="c:\program files (x86)\arcgis\desktop10.1\ArcToolbox\Toolboxes\Data Management Tools.tbx\CalculateField" Date="20131001" Time="154833">CalculateField NC_FLOOD.DBO.V_E_HYDRACROSSSECTION REFPTID "CF0102009010913" VB #</Process><Process ToolSource="c:\program files (x86)\arcgis\desktop10.1\ArcToolbox\Toolboxes\Data Management Tools.tbx\CalculateField" Date="20131001" Time="155242">CalculateField NC_FLOOD.DBO.V_E_HYDRACROSSSECTION REFPTID "CF0022009010728" VB #</Process><Process ToolSource="c:\program files (x86)\arcgis\desktop10.1\ArcToolbox\Toolboxes\Data Management Tools.tbx\CalculateField" Date="20131001" Time="155942">CalculateField NC_FLOOD.DBO.V_E_HYDRACROSSSECTION REFPTID "CF0142009011432" VB #</Process><Process ToolSource="c:\program files (x86)\arcgis\desktop10.1\ArcToolbox\Toolboxes\Data Management Tools.tbx\CalculateField" Date="20131001" Time="160409">CalculateField NC_FLOOD.DBO.V_E_HYDRACROSSSECTION REFPTID "CF0142009011432" VB #</Process><Process ToolSource="c:\program files (x86)\arcgis\desktop10.1\ArcToolbox\Toolboxes\Data Management Tools.tbx\CalculateField" Date="20131001" Time="162335">CalculateField NC_FLOOD.DBO.V_E_HYDRACROSSSECTION REFPTID "CF0162009011421" VB #</Process><Process ToolSource="c:\program files (x86)\arcgis\desktop10.1\ArcToolbox\Toolboxes\Data Management Tools.tbx\CalculateField" Date="20131001" Time="162447">CalculateField NC_FLOOD.DBO.V_E_HYDRACROSSSECTION REFPTID CF0162009011414 VB #</Process><Process ToolSource="c:\program files (x86)\arcgis\desktop10.1\ArcToolbox\Toolboxes\Data Management Tools.tbx\CalculateField" Date="20131001" Time="162455">CalculateField NC_FLOOD.DBO.V_E_HYDRACROSSSECTION REFPTID "CF0162009011414" VB #</Process><Process ToolSource="c:\program files (x86)\arcgis\desktop10.1\ArcToolbox\Toolboxes\Data Management Tools.tbx\CalculateField" Date="20131001" Time="162729">CalculateField NC_FLOOD.DBO.V_E_HYDRACROSSSECTION REFPTID "CF0162009011422" VB #</Process><Process ToolSource="c:\program files (x86)\arcgis\desktop10.1\ArcToolbox\Toolboxes\Data Management Tools.tbx\CalculateField" Date="20131001" Time="162934">CalculateField NC_FLOOD.DBO.V_E_HYDRACROSSSECTION REFPTID "CF0172009020321" VB #</Process><Process ToolSource="c:\program files (x86)\arcgis\desktop10.1\ArcToolbox\Toolboxes\Data Management Tools.tbx\CalculateField" Date="20131001" Time="163142">CalculateField NC_FLOOD.DBO.V_E_HYDRACROSSSECTION REFPTID "CF0172009020323" VB #</Process><Process Name="Calculate Field (2)" ToolSource="c:\program files (x86)\arcgis\desktop10.1\ArcToolbox\Toolboxes\Data Management Tools.tbx\CalculateField" Date="20131002" Time="083458">CalculateField NC_FLOOD.DBO.V_E_HYDRACROSSSECTION REFPTID "CF0202009020313" VB #</Process><Process ToolSource="c:\program files (x86)\arcgis\desktop10.1\ArcToolbox\Toolboxes\Data Management Tools.tbx\CalculateField" Date="20131002" Time="084443">CalculateField NC_FLOOD.DBO.V_E_HYDRACROSSSECTION REFPTID "CF0232009020554" VB #</Process><Process ToolSource="c:\program files (x86)\arcgis\desktop10.1\ArcToolbox\Toolboxes\Data Management Tools.tbx\CalculateField" Date="20131002" Time="084537">CalculateField NC_FLOOD.DBO.V_E_HYDRACROSSSECTION REFPTID "CF0232009020516" VB #</Process><Process Name="Calculate Field (2)" ToolSource="c:\program files (x86)\arcgis\desktop10.1\ArcToolbox\Toolboxes\Data Management Tools.tbx\CalculateField" Date="20131002" Time="085541">CalculateField NC_FLOOD.DBO.V_E_HYDRACROSSSECTION REFPTID "CF0272009012613" VB #</Process><Process Name="Calculate Field (2)" ToolSource="c:\program files (x86)\arcgis\desktop10.1\ArcToolbox\Toolboxes\Data Management Tools.tbx\CalculateField" Date="20131002" Time="090015">CalculateField NC_FLOOD.DBO.V_E_HYDRACROSSSECTION REFPTID "CF0302009020562" VB #</Process><Process Name="Calculate Field (2)" ToolSource="c:\program files (x86)\arcgis\desktop10.1\ArcToolbox\Toolboxes\Data Management Tools.tbx\CalculateField" Date="20131002" Time="090219">CalculateField NC_FLOOD.DBO.V_E_HYDRACROSSSECTION REFPTID "CF0312009012721" VB #</Process><Process Name="Calculate Field (2)" ToolSource="c:\program files (x86)\arcgis\desktop10.1\ArcToolbox\Toolboxes\Data Management Tools.tbx\CalculateField" Date="20131002" Time="090456">CalculateField NC_FLOOD.DBO.V_E_HYDRACROSSSECTION REFPTID "CF0322009032013" VB #</Process><Process Name="Calculate Field (2)" ToolSource="c:\program files (x86)\arcgis\desktop10.1\ArcToolbox\Toolboxes\Data Management Tools.tbx\CalculateField" Date="20131002" Time="090634">CalculateField NC_FLOOD.DBO.V_E_HYDRACROSSSECTION REFPTID "CF0162009011410" VB #</Process><Process Name="Calculate Field (2)" ToolSource="c:\program files (x86)\arcgis\desktop10.1\ArcToolbox\Toolboxes\Data Management Tools.tbx\CalculateField" Date="20131002" Time="091534">CalculateField NC_FLOOD.DBO.V_E_HYDRACROSSSECTION REFPTID "CF0332011050321" VB #</Process><Process Name="Calculate Field (2)" ToolSource="c:\program files (x86)\arcgis\desktop10.1\ArcToolbox\Toolboxes\Data Management Tools.tbx\CalculateField" Date="20131002" Time="092009">CalculateField NC_FLOOD.DBO.V_E_HYDRACROSSSECTION REFPTID "CF0352009020212" VB #</Process><Process Name="Calculate Field (2)" ToolSource="c:\program files (x86)\arcgis\desktop10.1\ArcToolbox\Toolboxes\Data Management Tools.tbx\CalculateField" Date="20131002" Time="100225">CalculateField NC_FLOOD.DBO.V_E_HYDRACROSSSECTION REFPTID "CF012200901125" VB #</Process><Process Name="Calculate Field (2)" ToolSource="c:\program files (x86)\arcgis\desktop10.1\ArcToolbox\Toolboxes\Data Management Tools.tbx\CalculateField" Date="20131002" Time="100308">CalculateField NC_FLOOD.DBO.V_E_HYDRACROSSSECTION REFPTID "3710702012102322" VB #</Process><Process Name="Calculate Field (2)" ToolSource="c:\program files (x86)\arcgis\desktop10.1\ArcToolbox\Toolboxes\Data Management Tools.tbx\CalculateField" Date="20131002" Time="100525">CalculateField NC_FLOOD.DBO.V_E_HYDRACROSSSECTION REFPTID "CF0152009011428" VB #</Process><Process Name="Calculate Field (2)" ToolSource="c:\program files (x86)\arcgis\desktop10.1\ArcToolbox\Toolboxes\Data Management Tools.tbx\CalculateField" Date="20131002" Time="101453">CalculateField NC_FLOOD.DBO.V_E_HYDRACROSSSECTION REFPTID "CF0232009020539" VB #</Process><Process Name="Calculate Field (2)" ToolSource="c:\program files (x86)\arcgis\desktop10.1\ArcToolbox\Toolboxes\Data Management Tools.tbx\CalculateField" Date="20131002" Time="101523">CalculateField NC_FLOOD.DBO.V_E_HYDRACROSSSECTION REFPTID "3710702012102223" VB #</Process><Process Name="Calculate Field (2)" ToolSource="c:\program files (x86)\arcgis\desktop10.1\ArcToolbox\Toolboxes\Data Management Tools.tbx\CalculateField" Date="20131002" Time="102511">CalculateField NC_FLOOD.DBO.V_E_HYDRACROSSSECTION REFPTID "CF0232009020512" VB #</Process><Process Name="Calculate Field (2)" ToolSource="c:\program files (x86)\arcgis\desktop10.1\ArcToolbox\Toolboxes\Data Management Tools.tbx\CalculateField" Date="20131002" Time="102537">CalculateField NC_FLOOD.DBO.V_E_HYDRACROSSSECTION REFPTID "CF0232009020512" VB #</Process><Process Name="Calculate Field (2)" ToolSource="c:\program files (x86)\arcgis\desktop10.1\ArcToolbox\Toolboxes\Data Management Tools.tbx\CalculateField" Date="20131002" Time="102609">CalculateField NC_FLOOD.DBO.V_E_HYDRACROSSSECTION REFPTID "CF0232009020512" VB #</Process><Process Name="Calculate Field (2)" ToolSource="c:\program files (x86)\arcgis\desktop10.1\ArcToolbox\Toolboxes\Data Management Tools.tbx\CalculateField" Date="20131002" Time="102914">CalculateField NC_FLOOD.DBO.V_E_HYDRACROSSSECTION REFPTID "3710702012032325" VB #</Process><Process Name="Calculate Field (2)" ToolSource="c:\program files (x86)\arcgis\desktop10.1\ArcToolbox\Toolboxes\Data Management Tools.tbx\CalculateField" Date="20131002" Time="105552">CalculateField NC_FLOOD.DBO.V_E_HYDRACROSSSECTION REFPTID "3710702012041887" VB #</Process><Process Name="Calculate Field (2)" ToolSource="c:\program files (x86)\arcgis\desktop10.1\ArcToolbox\Toolboxes\Data Management Tools.tbx\CalculateField" Date="20131002" Time="105835">CalculateField NC_FLOOD.DBO.V_E_HYDRACROSSSECTION REFPTID "37107020120418137" VB #</Process><Process Name="Calculate Field (2)" ToolSource="c:\program files (x86)\arcgis\desktop10.1\ArcToolbox\Toolboxes\Data Management Tools.tbx\CalculateField" Date="20131002" Time="112221">CalculateField NC_FLOOD.DBO.V_E_HYDRACROSSSECTION REFPTID "37107020120418142" VB #</Process><Process ToolSource="c:\program files (x86)\arcgis\desktop10.1\ArcToolbox\Toolboxes\Data Management Tools.tbx\CalculateField" Date="20131023" Time="100110">CalculateField NC_FLOOD.DBO.V_E_HYDRACROSSSECTION CO_FIPS1 "117" VB #</Process><Process ToolSource="c:\program files (x86)\arcgis\desktop10.1\ArcToolbox\Toolboxes\Data Management Tools.tbx\CalculateField" Date="20131023" Time="132601">CalculateField NC_FLOOD.DBO.V_E_HYDRACROSSSECTION XS_LN_TYP 1020 VB #</Process><Process ToolSource="c:\program files (x86)\arcgis\desktop10.1\ArcToolbox\Toolboxes\Data Management Tools.tbx\CalculateField" Date="20131024" Time="143934">CalculateField NC_FLOOD.DBO.V_E_HYDRACROSSSECTION XS_LN_TYP 1020 VB #</Process><Process ToolSource="c:\program files (x86)\arcgis\desktop10.1\ArcToolbox\Toolboxes\Data Management Tools.tbx\CalculateField" Date="20131107" Time="123715">CalculateField NC_FLOOD.DBO.V_E_HYDRACROSSSECTION XS_LN_TYP 1000 VB #</Process><Process ToolSource="c:\program files (x86)\arcgis\desktop10.1\ArcToolbox\Toolboxes\Data Management Tools.tbx\CalculateField" Date="20131107" Time="144700">CalculateField NC_FLOOD.DBO.V_E_HYDRACROSSSECTION WTR_NM "Gilbert Branch" VB #</Process><Process ToolSource="c:\program files (x86)\arcgis\desktop10.1\ArcToolbox\Toolboxes\Data Management Tools.tbx\CalculateField" Date="20131108" Time="121146">CalculateField NC_FLOOD.DBO.V_E_HYDRACROSSSECTION HYDRAID "LT0042009071549" VB #</Process><Process ToolSource="c:\program files (x86)\arcgis\desktop10.1\ArcToolbox\Toolboxes\Data Management Tools.tbx\CalculateField" Date="20131108" Time="121220">CalculateField NC_FLOOD.DBO.V_E_HYDRACROSSSECTION HYDRAID "LT0042009071550" VB #</Process><Process ToolSource="c:\program files (x86)\arcgis\desktop10.1\ArcToolbox\Toolboxes\Data Management Tools.tbx\CalculateField" Date="20131108" Time="121310">CalculateField NC_FLOOD.DBO.V_E_HYDRACROSSSECTION HYDRAID "LT0112009070851" VB #</Process><Process ToolSource="c:\program files (x86)\arcgis\desktop10.1\ArcToolbox\Toolboxes\Data Management Tools.tbx\CalculateField" Date="20131108" Time="121355">CalculateField NC_FLOOD.DBO.V_E_HYDRACROSSSECTION HYDRAID "LT0112009070852" VB #</Process><Process ToolSource="c:\program files (x86)\arcgis\desktop10.1\ArcToolbox\Toolboxes\Data Management Tools.tbx\CalculateField" Date="20131108" Time="121429">CalculateField NC_FLOOD.DBO.V_E_HYDRACROSSSECTION HYDRAID "LT0112009070853" VB #</Process><Process ToolSource="c:\program files (x86)\arcgis\desktop10.1\ArcToolbox\Toolboxes\Data Management Tools.tbx\CalculateField" Date="20131111" Time="133640">CalculateField NC_FLOOD.DBO.V_E_HYDRACROSSSECTION HYDRAID "FB0172009062327" VB #</Process><Process ToolSource="c:\program files (x86)\arcgis\desktop10.1\ArcToolbox\Toolboxes\Data Management Tools.tbx\CalculateField" Date="20131112" Time="091642">CalculateField NC_FLOOD.DBO.V_E_HYDRACROSSSECTION XS_LN_TYP 1020 VB #</Process><Process ToolSource="c:\program files (x86)\arcgis\desktop10.1\ArcToolbox\Toolboxes\Data Management Tools.tbx\CalculateField" Date="20131113" Time="161152">CalculateField NC_FLOOD.DBO.V_E_HYDRACROSSSECTION CO_FIPS3 "023" VB #</Process><Process ToolSource="c:\program files (x86)\arcgis\desktop10.1\ArcToolbox\Toolboxes\Data Management Tools.tbx\CalculateField" Date="20131114" Time="074849">CalculateField NC_FLOOD.DBO.V_E_HYDRACROSSSECTION XS_LN_TYP 1000 VB #</Process><Process ToolSource="c:\program files (x86)\arcgis\desktop10.1\ArcToolbox\Toolboxes\Data Management Tools.tbx\CalculateField" Date="20131114" Time="080337">CalculateField NC_FLOOD.DBO.V_E_HYDRACROSSSECTION XS_LN_TYP 1000 VB #</Process><Process ToolSource="c:\program files (x86)\arcgis\desktop10.1\ArcToolbox\Toolboxes\Data Management Tools.tbx\CalculateField" Date="20131114" Time="080542">CalculateField NC_FLOOD.DBO.V_E_HYDRACROSSSECTION CO_FIPS2 NULL VB #</Process><Process ToolSource="c:\program files (x86)\arcgis\desktop10.1\ArcToolbox\Toolboxes\Data Management Tools.tbx\CalculateField" Date="20131114" Time="081716">CalculateField NC_FLOOD.DBO.V_E_HYDRACROSSSECTION CO_FIPS3 NULL VB #</Process><Process ToolSource="c:\program files (x86)\arcgis\desktop10.1\ArcToolbox\Toolboxes\Data Management Tools.tbx\CalculateField" Date="20131114" Time="084224">CalculateField NC_FLOOD.DBO.V_E_HYDRACROSSSECTION WTR_NM_LID "37107090" VB #</Process><Process ToolSource="c:\program files (x86)\arcgis\desktop10.1\ArcToolbox\Toolboxes\Data Management Tools.tbx\CalculateField" Date="20131114" Time="084248">CalculateField NC_FLOOD.DBO.V_E_HYDRACROSSSECTION WTR_NM "Catawba River Tributary 2" VB #</Process><Process ToolSource="c:\program files (x86)\arcgis\desktop10.1\ArcToolbox\Toolboxes\Data Management Tools.tbx\CalculateField" Date="20131114" Time="085032">CalculateField NC_FLOOD.DBO.V_E_HYDRACROSSSECTION XS_LN_TYP 1000 VB #</Process><Process ToolSource="c:\program files (x86)\arcgis\desktop10.1\ArcToolbox\Toolboxes\Data Management Tools.tbx\CalculateField" Date="20131114" Time="091745">CalculateField NC_FLOOD.DBO.V_E_HYDRACROSSSECTION WTR_NM_LID "37172344" VB #</Process><Process ToolSource="c:\program files (x86)\arcgis\desktop10.1\ArcToolbox\Toolboxes\Data Management Tools.tbx\CalculateField" Date="20131114" Time="091802">CalculateField NC_FLOOD.DBO.V_E_HYDRACROSSSECTION WTR_NM "Lacey Branch" VB #</Process><Process ToolSource="c:\program files (x86)\arcgis\desktop10.1\ArcToolbox\Toolboxes\Data Management Tools.tbx\CalculateField" Date="20131114" Time="093422">CalculateField NC_FLOOD.DBO.V_E_HYDRACROSSSECTION CO_FIPS2 NULL VB #</Process><Process ToolSource="c:\program files (x86)\arcgis\desktop10.1\ArcToolbox\Toolboxes\Data Management Tools.tbx\CalculateField" Date="20131114" Time="102626">CalculateField NC_FLOOD.DBO.V_E_HYDRACROSSSECTION CO_FIPS2 NULL VB #</Process><Process ToolSource="c:\program files (x86)\arcgis\desktop10.1\ArcToolbox\Toolboxes\Data Management Tools.tbx\CalculateField" Date="20131114" Time="112355">CalculateField NC_FLOOD.DBO.V_E_HYDRACROSSSECTION CO_FIPS2 NULL VB #</Process><Process ToolSource="c:\program files (x86)\arcgis\desktop10.1\ArcToolbox\Toolboxes\Data Management Tools.tbx\CalculateField" Date="20131114" Time="112506">CalculateField NC_FLOOD.DBO.V_E_HYDRACROSSSECTION CO_FIPS2 NULL VB #</Process><Process ToolSource="c:\program files (x86)\arcgis\desktop10.1\ArcToolbox\Toolboxes\Data Management Tools.tbx\CalculateField" Date="20131114" Time="140709">CalculateField NC_FLOOD.DBO.V_E_HYDRACROSSSECTION XS_LN_TYP 1000 VB #</Process><Process ToolSource="c:\program files (x86)\arcgis\desktop10.1\ArcToolbox\Toolboxes\Data Management Tools.tbx\CalculateField" Date="20131114" Time="151003">CalculateField NC_FLOOD.DBO.V_E_HYDRACROSSSECTION CO_FIPS2 187 VB #</Process><Process ToolSource="c:\program files (x86)\arcgis\desktop10.1\ArcToolbox\Toolboxes\Data Management Tools.tbx\CalculateField" Date="20131114" Time="154409">CalculateField NC_FLOOD.DBO.V_E_HYDRACROSSSECTION CO_FIPS2 null VB #</Process><Process ToolSource="c:\program files (x86)\arcgis\desktop10.1\ArcToolbox\Toolboxes\Data Management Tools.tbx\CalculateField" Date="20131115" Time="113703">CalculateField NC_FLOOD.DBO.V_E_HYDRACROSSSECTION HYDRAID "3710702013111611367" VB #</Process><Process ToolSource="c:\program files (x86)\arcgis\desktop10.1\ArcToolbox\Toolboxes\Data Management Tools.tbx\CalculateField" Date="20131115" Time="131559">CalculateField NC_FLOOD.DBO.V_E_HYDRACROSSSECTION HYDRAID "3710702013111611367" VB #</Process><Process ToolSource="c:\program files (x86)\arcgis\desktop10.1\ArcToolbox\Toolboxes\Data Management Tools.tbx\CalculateField" Date="20131115" Time="134442">CalculateField NC_FLOOD.DBO.V_E_HYDRACROSSSECTION XS_LN_TYP 1000 VB #</Process><Process ToolSource="c:\program files (x86)\arcgis\desktop10.1\ArcToolbox\Toolboxes\Data Management Tools.tbx\CalculateField" Date="20131115" Time="134558">CalculateField NC_FLOOD.DBO.V_E_HYDRACROSSSECTION XS_LN_TYP 1000 VB #</Process><Process ToolSource="c:\program files (x86)\arcgis\desktop10.1\ArcToolbox\Toolboxes\Data Management Tools.tbx\CalculateField" Date="20131115" Time="135208">CalculateField NC_FLOOD.DBO.V_E_HYDRACROSSSECTION XS_LN_TYP 1000 VB #</Process><Process ToolSource="c:\program files (x86)\arcgis\desktop10.1\ArcToolbox\Toolboxes\Data Management Tools.tbx\CalculateField" Date="20131115" Time="145404">CalculateField NC_FLOOD.DBO.V_E_HYDRACROSSSECTION CO_FIPS2 NULL VB #</Process><Process ToolSource="c:\program files (x86)\arcgis\desktop10.1\ArcToolbox\Toolboxes\Data Management Tools.tbx\CalculateField" Date="20131115" Time="155006">CalculateField NC_FLOOD.DBO.V_E_HYDRACROSSSECTION WSEL1PCT 728 VB #</Process><Process ToolSource="c:\program files (x86)\arcgis\desktop10.1\ArcToolbox\Toolboxes\Data Management Tools.tbx\CalculateField" Date="20131115" Time="160442">CalculateField NC_FLOOD.DBO.V_E_HYDRACROSSSECTION WTR_NM_LID "37163198" VB #</Process><Process ToolSource="c:\program files (x86)\arcgis\desktop10.1\ArcToolbox\Toolboxes\Data Management Tools.tbx\CalculateField" Date="20131118" Time="091511">CalculateField NC_FLOOD.DBO.V_E_HYDRACROSSSECTION CO_FIPS2 null VB #</Process><Process ToolSource="c:\program files (x86)\arcgis\desktop10.1\ArcToolbox\Toolboxes\Data Management Tools.tbx\CalculateField" Date="20131118" Time="091515">CalculateField NC_FLOOD.DBO.V_E_HYDRACROSSSECTION CO_FIPS3 null VB #</Process><Process ToolSource="c:\program files (x86)\arcgis\desktop10.1\ArcToolbox\Toolboxes\Data Management Tools.tbx\CalculateField" Date="20131118" Time="091522">CalculateField NC_FLOOD.DBO.V_E_HYDRACROSSSECTION CO_FIPS4 null VB #</Process><Process ToolSource="c:\program files (x86)\arcgis\desktop10.1\ArcToolbox\Toolboxes\Data Management Tools.tbx\CalculateField" Date="20131118" Time="091526">CalculateField NC_FLOOD.DBO.V_E_HYDRACROSSSECTION CO_FIPS5 null VB #</Process><Process ToolSource="c:\program files (x86)\arcgis\desktop10.1\ArcToolbox\Toolboxes\Data Management Tools.tbx\CalculateField" Date="20131118" Time="091530">CalculateField NC_FLOOD.DBO.V_E_HYDRACROSSSECTION CO_FIPS6 null VB #</Process><Process ToolSource="c:\program files (x86)\arcgis\desktop10.1\ArcToolbox\Toolboxes\Data Management Tools.tbx\CalculateField" Date="20131118" Time="091538">CalculateField NC_FLOOD.DBO.V_E_HYDRACROSSSECTION CO_FIPS7 null VB #</Process><Process ToolSource="c:\program files (x86)\arcgis\desktop10.1\ArcToolbox\Toolboxes\Data Management Tools.tbx\CalculateField" Date="20131118" Time="091545">CalculateField NC_FLOOD.DBO.V_E_HYDRACROSSSECTION CO_FIPS8 null VB #</Process><Process ToolSource="c:\program files (x86)\arcgis\desktop10.1\ArcToolbox\Toolboxes\Data Management Tools.tbx\CalculateField" Date="20131118" Time="091549">CalculateField NC_FLOOD.DBO.V_E_HYDRACROSSSECTION CO_FIPS9 null VB #</Process><Process ToolSource="c:\program files (x86)\arcgis\desktop10.1\ArcToolbox\Toolboxes\Data Management Tools.tbx\CalculateField" Date="20131118" Time="091554">CalculateField NC_FLOOD.DBO.V_E_HYDRACROSSSECTION CO_FIPS10 null VB #</Process><Process ToolSource="c:\program files (x86)\arcgis\desktop10.1\ArcToolbox\Toolboxes\Data Management Tools.tbx\CalculateField" Date="20131118" Time="121137">CalculateField NC_FLOOD.DBO.V_E_HYDRACROSSSECTION CO_FIPS1 201 VB #</Process><Process ToolSource="c:\program files (x86)\arcgis\desktop10.1\ArcToolbox\Toolboxes\Data Management Tools.tbx\CalculateField" Date="20131118" Time="121243">CalculateField NC_FLOOD.DBO.V_E_HYDRACROSSSECTION CO_FIPS1 201 VB #</Process><Process ToolSource="c:\program files (x86)\arcgis\desktop10.1\ArcToolbox\Toolboxes\Data Management Tools.tbx\CalculateField" Date="20131118" Time="121319">CalculateField NC_FLOOD.DBO.V_E_HYDRACROSSSECTION CO_FIPS2 201 VB #</Process><Process ToolSource="c:\program files (x86)\arcgis\desktop10.1\ArcToolbox\Toolboxes\Data Management Tools.tbx\CalculateField" Date="20131118" Time="121355">CalculateField NC_FLOOD.DBO.V_E_HYDRACROSSSECTION CO_FIPS3 201 VB #</Process><Process ToolSource="c:\program files (x86)\arcgis\desktop10.1\ArcToolbox\Toolboxes\Data Management Tools.tbx\CalculateField" Date="20131118" Time="141554">CalculateField NC_FLOOD.DBO.V_E_HYDRACROSSSECTION HYDRAID "LT0042009071540" VB #</Process><Process ToolSource="c:\program files (x86)\arcgis\desktop10.1\ArcToolbox\Toolboxes\Data Management Tools.tbx\CalculateField" Date="20131118" Time="143524">CalculateField NC_FLOOD.DBO.V_E_HYDRACROSSSECTION WTR_NM_LID "37136588" VB #</Process><Process ToolSource="c:\program files (x86)\arcgis\desktop10.1\ArcToolbox\Toolboxes\Data Management Tools.tbx\CalculateField" Date="20131118" Time="143813">CalculateField NC_FLOOD.DBO.V_E_HYDRACROSSSECTION WTR_NM_LID "37136588" VB #</Process><Process ToolSource="c:\program files (x86)\arcgis\desktop10.1\ArcToolbox\Toolboxes\Data Management Tools.tbx\CalculateField" Date="20131118" Time="160053">CalculateField NC_FLOOD.DBO.V_E_HYDRACROSSSECTION HYDRAID "371070201307157" VB #</Process><Process ToolSource="c:\program files (x86)\arcgis\desktop10.1\ArcToolbox\Toolboxes\Data Management Tools.tbx\CalculateField" Date="20131118" Time="160114">CalculateField NC_FLOOD.DBO.V_E_HYDRACROSSSECTION WTR_NM_LID "37022472" VB #</Process><Process ToolSource="c:\program files (x86)\arcgis\desktop10.1\ArcToolbox\Toolboxes\Data Management Tools.tbx\CalculateField" Date="20131118" Time="160132">CalculateField NC_FLOOD.DBO.V_E_HYDRACROSSSECTION WTR_NM "Crooked Creek" VB #</Process><Process ToolSource="c:\program files (x86)\arcgis\desktop10.1\ArcToolbox\Toolboxes\Data Management Tools.tbx\CalculateField" Date="20131119" Time="091351">CalculateField NC_FLOOD.DBO.V_E_HYDRACROSSSECTION CO_FIPS2 NULL VB #</Process><Process ToolSource="c:\program files (x86)\arcgis\desktop10.1\ArcToolbox\Toolboxes\Data Management Tools.tbx\CalculateField" Date="20131119" Time="124435">CalculateField NC_FLOOD.DBO.V_E_HYDRACROSSSECTION CO_FIPS2 NULL VB #</Process><Process ToolSource="c:\program files (x86)\arcgis\desktop10.1\ArcToolbox\Toolboxes\Data Management Tools.tbx\CalculateField" Date="20131119" Time="125134">CalculateField NC_FLOOD.DBO.V_E_HYDRACROSSSECTION WTR_NM_LID "37004021" VB #</Process><Process ToolSource="c:\program files (x86)\arcgis\desktop10.1\ArcToolbox\Toolboxes\Data Management Tools.tbx\CalculateField" Date="20131120" Time="113058">CalculateField NC_FLOOD.DBO.V_E_HYDRACROSSSECTION HYDRAID "3710702013111912969" VB #</Process><Process ToolSource="c:\program files (x86)\arcgis\desktop10.1\ArcToolbox\Toolboxes\Data Management Tools.tbx\CalculateField" Date="20131120" Time="125548">CalculateField NC_FLOOD.DBO.V_E_HYDRACROSSSECTION WTR_NM_LID "37187827" VB #</Process><Process ToolSource="c:\program files (x86)\arcgis\desktop10.1\ArcToolbox\Toolboxes\Data Management Tools.tbx\CalculateField" Date="20131120" Time="130725">CalculateField NC_FLOOD.DBO.V_E_HYDRACROSSSECTION WTR_NM_LID "37187834" VB #</Process><Process ToolSource="c:\program files (x86)\arcgis\desktop10.1\ArcToolbox\Toolboxes\Data Management Tools.tbx\CalculateField" Date="20131120" Time="130743">CalculateField NC_FLOOD.DBO.V_E_HYDRACROSSSECTION WTR_NM "Little Cold Water Creek" VB #</Process><Process ToolSource="c:\program files (x86)\arcgis\desktop10.1\ArcToolbox\Toolboxes\Data Management Tools.tbx\CalculateField" Date="20131120" Time="132031">CalculateField NC_FLOOD.DBO.V_E_HYDRACROSSSECTION WTR_NM_LID "37187848" VB #</Process><Process ToolSource="c:\program files (x86)\arcgis\desktop10.1\ArcToolbox\Toolboxes\Data Management Tools.tbx\CalculateField" Date="20131120" Time="132052">CalculateField NC_FLOOD.DBO.V_E_HYDRACROSSSECTION WTR_NM "Park Creek" VB #</Process><Process ToolSource="c:\program files (x86)\arcgis\desktop10.1\ArcToolbox\Toolboxes\Data Management Tools.tbx\CalculateField" Date="20131120" Time="134523">CalculateField NC_FLOOD.DBO.V_E_HYDRACROSSSECTION CO_FIPS2 025 VB #</Process><Process ToolSource="c:\program files (x86)\arcgis\desktop10.1\ArcToolbox\Toolboxes\Data Management Tools.tbx\CalculateField" Date="20131120" Time="152505">CalculateField NC_FLOOD.DBO.V_E_HYDRACROSSSECTION CO_FIPS2 NULL VB #</Process><Process ToolSource="c:\program files (x86)\arcgis\desktop10.1\ArcToolbox\Toolboxes\Data Management Tools.tbx\CalculateField" Date="20131121" Time="125649">CalculateField NC_FLOOD.DBO.V_E_HYDRACROSSSECTION HYDRAID "371070201311202710" VB #</Process><Process ToolSource="c:\program files (x86)\arcgis\desktop10.1\ArcToolbox\Toolboxes\Data Management Tools.tbx\CalculateField" Date="20131121" Time="145441">CalculateField NC_FLOOD.DBO.V_E_HYDRACROSSSECTION CO_FIPS1 151 VB #</Process><Process ToolSource="c:\program files (x86)\arcgis\desktop10.1\ArcToolbox\Toolboxes\Data Management Tools.tbx\CalculateField" Date="20131121" Time="145450">CalculateField NC_FLOOD.DBO.V_E_HYDRACROSSSECTION CO_FIPS2 NULL VB #</Process><Process ToolSource="c:\program files (x86)\arcgis\desktop10.1\ArcToolbox\Toolboxes\Data Management Tools.tbx\CalculateField" Date="20131121" Time="162029">CalculateField NC_FLOOD.DBO.V_E_HYDRACROSSSECTION CO_FIPS2 NULL VB #</Process><Process ToolSource="c:\program files (x86)\arcgis\desktop10.1\ArcToolbox\Toolboxes\Data Management Tools.tbx\CalculateField" Date="20131122" Time="095125">CalculateField NC_FLOOD.DBO.V_E_HYDRACROSSSECTION CO_FIPS2 NULL VB #</Process><Process ToolSource="c:\program files (x86)\arcgis\desktop10.1\ArcToolbox\Toolboxes\Data Management Tools.tbx\CalculateField" Date="20131122" Time="101202">CalculateField NC_FLOOD.DBO.V_E_HYDRACROSSSECTION CO_FIPS1 "NP" VB #</Process><Process ToolSource="c:\program files (x86)\arcgis\desktop10.1\ArcToolbox\Toolboxes\Data Management Tools.tbx\CalculateField" Date="20131122" Time="104942">CalculateField NC_FLOOD.DBO.V_E_HYDRACROSSSECTION CO_FIPS2 NULL VB #</Process><Process ToolSource="c:\program files (x86)\arcgis\desktop10.1\ArcToolbox\Toolboxes\Data Management Tools.tbx\CalculateField" Date="20131122" Time="112239">CalculateField NC_FLOOD.DBO.V_E_HYDRACROSSSECTION CO_FIPS1 151 VB #</Process><Process ToolSource="c:\program files (x86)\arcgis\desktop10.1\ArcToolbox\Toolboxes\Data Management Tools.tbx\CalculateField" Date="20131122" Time="112250">CalculateField NC_FLOOD.DBO.V_E_HYDRACROSSSECTION CO_FIPS2 NULL VB #</Process><Process ToolSource="c:\program files (x86)\arcgis\desktop10.1\ArcToolbox\Toolboxes\Data Management Tools.tbx\CalculateField" Date="20131122" Time="112322">CalculateField NC_FLOOD.DBO.V_E_HYDRACROSSSECTION CO_FIPS2 NULL VB #</Process><Process ToolSource="c:\program files (x86)\arcgis\desktop10.1\ArcToolbox\Toolboxes\Data Management Tools.tbx\CalculateField" Date="20131122" Time="121752">CalculateField NC_FLOOD.DBO.V_E_HYDRACROSSSECTION CO_FIPS2 NULL VB #</Process><Process ToolSource="c:\program files (x86)\arcgis\desktop10.1\ArcToolbox\Toolboxes\Data Management Tools.tbx\CalculateField" Date="20131122" Time="122233">CalculateField NC_FLOOD.DBO.V_E_HYDRACROSSSECTION CO_FIPS2 081 VB #</Process><Process ToolSource="c:\program files (x86)\arcgis\desktop10.1\ArcToolbox\Toolboxes\Data Management Tools.tbx\CalculateField" Date="20131122" Time="151508">CalculateField NC_FLOOD.DBO.V_E_HYDRACROSSSECTION CO_FIPS2 NULL VB #</Process><Process ToolSource="c:\program files (x86)\arcgis\desktop10.1\ArcToolbox\Toolboxes\Data Management Tools.tbx\CalculateField" Date="20131122" Time="151643">CalculateField NC_FLOOD.DBO.V_E_HYDRACROSSSECTION CO_FIPS1 081 VB #</Process><Process ToolSource="c:\program files (x86)\arcgis\desktop10.1\ArcToolbox\Toolboxes\Data Management Tools.tbx\CalculateField" Date="20131122" Time="162921">CalculateField NC_FLOOD.DBO.V_E_HYDRACROSSSECTION CO_FIPS2 081 VB #</Process><Process ToolSource="c:\program files (x86)\arcgis\desktop10.1\ArcToolbox\Toolboxes\Data Management Tools.tbx\CalculateField" Date="20131122" Time="163417">CalculateField NC_FLOOD.DBO.V_E_HYDRACROSSSECTION WTR_NM_LID 37163115 VB #</Process><Process ToolSource="c:\program files (x86)\arcgis\desktop10.1\ArcToolbox\Toolboxes\Data Management Tools.tbx\CalculateField" Date="20140203" Time="080558">CalculateField NC_FLOOD.DBO.V_E_HYDRACROSSSECTION XS_LN_TYP 1010 VB #</Process><Process ToolSource="c:\program files (x86)\arcgis\desktop10.1\ArcToolbox\Toolboxes\Data Management Tools.tbx\CalculateField" Date="20140203" Time="080731">CalculateField NC_FLOOD.DBO.V_E_HYDRACROSSSECTION XS_LN_TYP 1010 VB #</Process><Process ToolSource="c:\program files (x86)\arcgis\desktop10.1\ArcToolbox\Toolboxes\Data Management Tools.tbx\CalculateField" Date="20140203" Time="080950">CalculateField NC_FLOOD.DBO.V_E_HYDRACROSSSECTION XS_LN_TYP 1010 VB #</Process><Process ToolSource="c:\program files (x86)\arcgis\desktop10.1\ArcToolbox\Toolboxes\Data Management Tools.tbx\CalculateField" Date="20140423" Time="150042">CalculateField NC_FLOOD.DBO.V_E_HYDRACROSSSECTION CO_FIPS2 NULL VB #</Process><Process ToolSource="c:\program files (x86)\arcgis\desktop10.1\ArcToolbox\Toolboxes\Data Management Tools.tbx\CalculateField" Date="20140424" Time="153036">CalculateField NC_FLOOD.DBO.V_E_HYDRACROSSSECTION XS_LN_TYP 1020 VB #</Process><Process ToolSource="c:\program files (x86)\arcgis\desktop10.1\ArcToolbox\Toolboxes\Data Management Tools.tbx\CalculateField" Date="20140424" Time="153207">CalculateField NC_FLOOD.DBO.V_E_HYDRACROSSSECTION XS_LN_TYP 1020 VB #</Process><Process ToolSource="c:\program files (x86)\arcgis\desktop10.1\ArcToolbox\Toolboxes\Data Management Tools.tbx\CalculateField" Date="20140623" Time="083634">CalculateField NC_FLOOD.DBO.V_E_HYDRACROSSSECTION LEN_LID 1010 VB #</Process><Process ToolSource="c:\program files (x86)\arcgis\desktop10.1\ArcToolbox\Toolboxes\Data Management Tools.tbx\CalculateField" Date="20140623" Time="083937">CalculateField NC_FLOOD.DBO.V_E_HYDRACROSSSECTION REFPTID "RN0072009033126" VB #</Process><Process ToolSource="c:\program files (x86)\arcgis\desktop10.1\ArcToolbox\Toolboxes\Data Management Tools.tbx\CalculateField" Date="20140623" Time="084125">CalculateField NC_FLOOD.DBO.V_E_HYDRACROSSSECTION REFPTID "RN0072009033145" VB #</Process><Process ToolSource="c:\program files (x86)\arcgis\desktop10.1\ArcToolbox\Toolboxes\Data Management Tools.tbx\CalculateField" Date="20140623" Time="084206">CalculateField NC_FLOOD.DBO.V_E_HYDRACROSSSECTION REFPTID "RN007200903315" VB #</Process><Process ToolSource="c:\program files (x86)\arcgis\desktop10.1\ArcToolbox\Toolboxes\Data Management Tools.tbx\CalculateField" Date="20140623" Time="084230">CalculateField NC_FLOOD.DBO.V_E_HYDRACROSSSECTION REFPTID "RN007200903316" VB #</Process><Process ToolSource="c:\program files (x86)\arcgis\desktop10.1\ArcToolbox\Toolboxes\Data Management Tools.tbx\CalculateField" Date="20140623" Time="084259">CalculateField NC_FLOOD.DBO.V_E_HYDRACROSSSECTION REFPTID "RN007200903319" VB #</Process><Process ToolSource="c:\program files (x86)\arcgis\desktop10.1\ArcToolbox\Toolboxes\Data Management Tools.tbx\CalculateField" Date="20140624" Time="160453">CalculateField NC_FLOOD.DBO.V_E_HYDRACROSSSECTION WTR_NM "Ashpole Swamp Tributary 1" VB #</Process><Process ToolSource="c:\program files (x86)\arcgis\desktop10.1\ArcToolbox\Toolboxes\Data Management Tools.tbx\CalculateField" Date="20140624" Time="160510">CalculateField NC_FLOOD.DBO.V_E_HYDRACROSSSECTION XSNAME "Ashpole Swamp Tributary 1" VB #</Process><Process ToolSource="c:\program files (x86)\arcgis\desktop10.1\ArcToolbox\Toolboxes\Data Management Tools.tbx\CalculateField" Date="20140624" Time="160529">CalculateField NC_FLOOD.DBO.V_E_HYDRACROSSSECTION WTR_NM_LID "37019254" VB #</Process><Process ToolSource="c:\program files (x86)\arcgis\desktop10.1\ArcToolbox\Toolboxes\Data Management Tools.tbx\CalculateField" Date="20140624" Time="161120">CalculateField NC_FLOOD.DBO.V_E_HYDRACROSSSECTION XSNAME "Ashpole Swamp Tributary 2" VB #</Process><Process ToolSource="c:\program files (x86)\arcgis\desktop10.1\ArcToolbox\Toolboxes\Data Management Tools.tbx\CalculateField" Date="20140624" Time="161136">CalculateField NC_FLOOD.DBO.V_E_HYDRACROSSSECTION WTR_NM_LID "37009930" VB #</Process><Process ToolSource="c:\program files (x86)\arcgis\desktop10.1\ArcToolbox\Toolboxes\Data Management Tools.tbx\CalculateField" Date="20140624" Time="161151">CalculateField NC_FLOOD.DBO.V_E_HYDRACROSSSECTION WTR_NM "Ashpole Swamp Tributary 2" VB #</Process><Process ToolSource="c:\program files (x86)\arcgis\desktop10.1\ArcToolbox\Toolboxes\Data Management Tools.tbx\CalculateField" Date="20140702" Time="160849">CalculateField NC_FLOOD.DBO.V_E_HYDRACROSSSECTION XS_LN_TYP 1020 VB #</Process></lineage><itemProps><itemName Sync="TRUE">V_E_HYDRACROSSSECTION</itemName><imsContentType Sync="TRUE">002</imsContentType><itemLocation><linkage Sync="TRUE">file://\\EM35420-JANDERS\C$\Projects\Onslow\Onslow\NCFlood_Effective_Onslow_GDB.gdb</linkage><protocol Sync="TRUE">Local Area Network</protocol></itemLocation></itemProps><coordRef><type Sync="TRUE">Projected</type><geogcsn Sync="TRUE">GCS_North_American_1983</geogcsn><csUnits Sync="TRUE">Linear Unit: Foot_US (0.304801)</csUnits><projcsn Sync="TRUE">NAD_1983_StatePlane_North_Carolina_FIPS_3200_Feet</projcsn><peXml Sync="TRUE">&lt;ProjectedCoordinateSystem xsi:type='typens:ProjectedCoordinateSystem' xmlns:xsi='http://www.w3.org/2001/XMLSchema-instance' xmlns:xs='http://www.w3.org/2001/XMLSchema' xmlns:typens='http://www.esri.com/schemas/ArcGIS/10.1'&gt;&lt;WKT&gt;PROJCS[&amp;quot;NAD_1983_StatePlane_North_Carolina_FIPS_3200_Feet&amp;quot;,GEOGCS[&amp;quot;GCS_North_American_1983&amp;quot;,DATUM[&amp;quot;D_North_American_1983&amp;quot;,SPHEROID[&amp;quot;GRS_1980&amp;quot;,6378137.0,298.257222101]],PRIMEM[&amp;quot;Greenwich&amp;quot;,0.0],UNIT[&amp;quot;Degree&amp;quot;,0.0174532925199433]],PROJECTION[&amp;quot;Lambert_Conformal_Conic&amp;quot;],PARAMETER[&amp;quot;False_Easting&amp;quot;,2000000.002616666],PARAMETER[&amp;quot;False_Northing&amp;quot;,0.0],PARAMETER[&amp;quot;Central_Meridian&amp;quot;,-79.0],PARAMETER[&amp;quot;Standard_Parallel_1&amp;quot;,34.33333333333334],PARAMETER[&amp;quot;Standard_Parallel_2&amp;quot;,36.16666666666666],PARAMETER[&amp;quot;Latitude_Of_Origin&amp;quot;,33.75],UNIT[&amp;quot;Foot_US&amp;quot;,0.3048006096012192],AUTHORITY[&amp;quot;EPSG&amp;quot;,2264]]&lt;/WKT&gt;&lt;XOrigin&gt;-2668390&lt;/XOrigin&gt;&lt;YOrigin&gt;-3858739&lt;/YOrigin&gt;&lt;XYScale&gt;192&lt;/XYScale&gt;&lt;ZOrigin&gt;-100000&lt;/ZOrigin&gt;&lt;ZScale&gt;10000&lt;/ZScale&gt;&lt;MOrigin&gt;-100000&lt;/MOrigin&gt;&lt;MScale&gt;10000&lt;/MScale&gt;&lt;XYTolerance&gt;0.010416666666666701&lt;/XYTolerance&gt;&lt;ZTolerance&gt;0.001&lt;/ZTolerance&gt;&lt;MTolerance&gt;0.001&lt;/MTolerance&gt;&lt;HighPrecision&gt;true&lt;/HighPrecision&gt;&lt;WKID&gt;102719&lt;/WKID&gt;&lt;LatestWKID&gt;2264&lt;/LatestWKID&gt;&lt;/ProjectedCoordinateSystem&gt;</peXml></coordRef></DataProperties><SyncDate>20140721</SyncDate><SyncTime>10050800</SyncTime><ModDate>20140721</ModDate><ModTime>10050800</ModTime></Esri><dataIdInfo><envirDesc Sync="TRUE">Microsoft Windows 7 Version 6.1 (Build 7601) Service Pack 1; Esri ArcGIS 10.2.2.3552</envirDesc><dataLang><languageCode value="eng" Sync="TRUE"></languageCode><countryCode value="USA" Sync="TRUE"></countryCode></dataLang><idCitation><resTitle Sync="TRUE">V_E_HYDRACROSSSECTION</resTitle><presForm><PresFormCd value="005" Sync="TRUE"></PresFormCd></presForm></idCitation><spatRpType><SpatRepTypCd value="001" Sync="TRUE"></SpatRepTypCd></spatRpType></dataIdInfo><mdLang><languageCode value="eng" Sync="TRUE"></languageCode><countryCode value="USA" Sync="TRUE"></countryCode></mdLang><distInfo><distFormat><formatName Sync="TRUE">File Geodatabase Feature Class</formatName></distFormat></distInfo><mdHrLv><ScopeCd value="005" Sync="TRUE"></ScopeCd></mdHrLv><mdHrLvName Sync="TRUE">dataset</mdHrLvName><refSysInfo><RefSystem><refSysID><identCode code="2264" Sync="TRUE"></identCode><idCodeSpace Sync="TRUE">EPSG</idCodeSpace><idVersion Sync="TRUE">8.2.6</idVersion></refSysID></RefSystem></refSysInfo><spatRepInfo><VectSpatRep><geometObjs Name="V_E_HYDRACROSSSECTION"><geoObjTyp><GeoObjTypCd value="002" Sync="TRUE"></GeoObjTypCd></geoObjTyp><geoObjCnt Sync="TRUE">0</geoObjCnt></geometObjs><topLvl><TopoLevCd value="001" Sync="TRUE"></TopoLevCd></topLvl></VectSpatRep></spatRepInfo><spdoinfo><ptvctinf><esriterm Name="V_E_HYDRACROSSSECTION"><efeatyp Sync="TRUE">Simple</efeatyp><efeageom code="3" Sync="TRUE"></efeageom><esritopo Sync="TRUE">FALSE</esritopo><efeacnt Sync="TRUE">0</efeacnt><spindex Sync="TRUE">TRUE</spindex><linrefer Sync="TRUE">FALSE</linrefer></esriterm></ptvctinf></spdoinfo><eainfo><detailed Name="V_E_HYDRACROSSSECTION"><enttyp><enttypl Sync="TRUE">V_E_HYDRACROSSSECTION</enttypl><enttypt Sync="TRUE">Feature Class</enttypt><enttypc Sync="TRUE">0</enttypc></enttyp><attr><attrlabl Sync="TRUE">OBJECTID</attrlabl><attalias Sync="TRUE">OBJECTID</attalias><attrtype Sync="TRUE">OID</attrtype><attwidth Sync="TRUE">4</attwidth><atprecis Sync="TRUE">0</atprecis><attscale Sync="TRUE">0</attscale><attrdef Sync="TRUE">Internal feature number.</attrdef><attrdefs Sync="TRUE">Esri</attrdefs><attrdomv><udom Sync="TRUE">Sequential unique whole numbers that are automatically generated.</udom></attrdomv></attr><attr><attrlabl Sync="TRUE">Shape</attrlabl><attalias Sync="TRUE">Shape</attalias><attrtype Sync="TRUE">Geometry</attrtype><attwidth Sync="TRUE">0</attwidth><atprecis Sync="TRUE">0</atprecis><attscale Sync="TRUE">0</attscale><attrdef Sync="TRUE">Feature geometry.</attrdef><attrdefs Sync="TRUE">Esri</attrdefs><attrdomv><udom Sync="TRUE">Coordinates defining the features.</udom></attrdomv></attr><attr><attrlabl Sync="TRUE">XSECTID</attrlabl><attalias Sync="TRUE">XSECTID</attalias><attrtype Sync="TRUE">String</attrtype><attwidth Sync="TRUE">25</attwidth><atprecis Sync="TRUE">0</atprecis><attscale Sync="TRUE">0</attscale></attr><attr><attrlabl Sync="TRUE">V_GRIDID</attrlabl><attalias Sync="TRUE">V_GRIDID</attalias><attrtype Sync="TRUE">String</attrtype><attwidth Sync="TRUE">25</attwidth><atprecis Sync="TRUE">0</atprecis><attscale Sync="TRUE">0</attscale></attr><attr><attrlabl Sync="TRUE">V_XSECTID</attrlabl><attalias Sync="TRUE">V_XSECTID</attalias><attrtype Sync="TRUE">String</attrtype><attwidth Sync="TRUE">25</attwidth><atprecis Sync="TRUE">0</atprecis><attscale Sync="TRUE">0</attscale></attr><attr><attrlabl Sync="TRUE">HYDRAID</attrlabl><attalias Sync="TRUE">HYDRAID</attalias><attrtype Sync="TRUE">String</attrtype><attwidth Sync="TRUE">25</attwidth><atprecis Sync="TRUE">0</atprecis><attscale Sync="TRUE">0</attscale></attr><attr><attrlabl Sync="TRUE">WTR_NM_LID</attrlabl><attalias Sync="TRUE">WTR_NM_LID</attalias><attrtype Sync="TRUE">String</attrtype><attwidth Sync="TRUE">25</attwidth><atprecis Sync="TRUE">0</atprecis><attscale Sync="TRUE">0</attscale></attr><attr><attrlabl Sync="TRUE">REFPTID</attrlabl><attalias Sync="TRUE">REFPTID</attalias><attrtype Sync="TRUE">String</attrtype><attwidth Sync="TRUE">25</attwidth><atprecis Sync="TRUE">0</atprecis><attscale Sync="TRUE">0</attscale></attr><attr><attrlabl Sync="TRUE">STREAM_STN</attrlabl><attalias Sync="TRUE">STREAM_STN</attalias><attrtype Sync="TRUE">Double</attrtype><attwidth Sync="TRUE">8</attwidth><atprecis Sync="TRUE">0</atprecis><attscale Sync="TRUE">0</attscale></attr><attr><attrlabl Sync="TRUE">WSEL1PCT</attrlabl><attalias Sync="TRUE">WSEL1PCT</attalias><attrtype Sync="TRUE">Double</attrtype><attwidth Sync="TRUE">8</attwidth><atprecis Sync="TRUE">0</atprecis><attscale Sync="TRUE">0</attscale></attr><attr><attrlabl Sync="TRUE">LEN_LID</attrlabl><attalias Sync="TRUE">LEN_LID</attalias><attrtype Sync="TRUE">String</attrtype><attwidth Sync="TRUE">5</attwidth><atprecis Sync="TRUE">0</atprecis><attscale Sync="TRUE">0</attscale></attr><attr><attrlabl Sync="TRUE">XSNAME</attrlabl><attalias Sync="TRUE">XSNAME</attalias><attrtype Sync="TRUE">String</attrtype><attwidth Sync="TRUE">100</attwidth><atprecis Sync="TRUE">0</atprecis><attscale Sync="TRUE">0</attscale></attr><attr><attrlabl Sync="TRUE">XS_LTR</attrlabl><attalias Sync="TRUE">XS_LTR</attalias><attrtype Sync="TRUE">String</attrtype><attwidth Sync="TRUE">10</attwidth><atprecis Sync="TRUE">0</atprecis><attscale Sync="TRUE">0</attscale></attr><attr><attrlabl Sync="TRUE">XS_LN_TYP</attrlabl><attalias Sync="TRUE">XS_LN_TYP</attalias><attrtype Sync="TRUE">String</attrtype><attwidth Sync="TRUE">5</attwidth><atprecis Sync="TRUE">0</atprecis><attscale Sync="TRUE">0</attscale></attr><attr><attrlabl Sync="TRUE">CENTERSTAT</attrlabl><attalias Sync="TRUE">CENTERSTAT</attalias><attrtype Sync="TRUE">Double</attrtype><attwidth Sync="TRUE">8</attwidth><atprecis Sync="TRUE">0</atprecis><attscale Sync="TRUE">0</attscale></attr><attr><attrlabl Sync="TRUE">BED_ELEV</attrlabl><attalias Sync="TRUE">BED_ELEV</attalias><attrtype Sync="TRUE">Double</attrtype><attwidth Sync="TRUE">8</attwidth><atprecis Sync="TRUE">0</atprecis><attscale Sync="TRUE">0</attscale></attr><attr><attrlabl Sync="TRUE">V_DATM_LID</attrlabl><attalias Sync="TRUE">V_DATM_LID</attalias><attrtype Sync="TRUE">String</attrtype><attwidth Sync="TRUE">5</attwidth><atprecis Sync="TRUE">0</atprecis><attscale Sync="TRUE">0</attscale></attr><attr><attrlabl Sync="TRUE">DATTYP_LID</attrlabl><attalias Sync="TRUE">DATTYP_LID</attalias><attrtype Sync="TRUE">String</attrtype><attwidth Sync="TRUE">5</attwidth><atprecis Sync="TRUE">0</atprecis><attscale Sync="TRUE">0</attscale></attr><attr><attrlabl Sync="TRUE">PROF_XS_TEXT</attrlabl><attalias Sync="TRUE">PROF_XS_TEXT</attalias><attrtype Sync="TRUE">String</attrtype><attwidth Sync="TRUE">80</attwidth><atprecis Sync="TRUE">0</atprecis><attscale Sync="TRUE">0</attscale></attr><attr><attrlabl Sync="TRUE">WTR_NM</attrlabl><attalias Sync="TRUE">WTR_NM</attalias><attrtype Sync="TRUE">String</attrtype><attwidth Sync="TRUE">100</attwidth><atprecis Sync="TRUE">0</atprecis><attscale Sync="TRUE">0</attscale></attr><attr><attrlabl Sync="TRUE">ST_FIPS</attrlabl><attalias Sync="TRUE">ST_FIPS</attalias><attrtype Sync="TRUE">String</attrtype><attwidth Sync="TRUE">5</attwidth><atprecis Sync="TRUE">0</atprecis><attscale Sync="TRUE">0</attscale></attr><attr><attrlabl Sync="TRUE">CO_FIPS1</attrlabl><attalias Sync="TRUE">CO_FIPS1</attalias><attrtype Sync="TRUE">String</attrtype><attwidth Sync="TRUE">5</attwidth><atprecis Sync="TRUE">0</atprecis><attscale Sync="TRUE">0</attscale></attr><attr><attrlabl Sync="TRUE">CO_FIPS2</attrlabl><attalias Sync="TRUE">CO_FIPS2</attalias><attrtype Sync="TRUE">String</attrtype><attwidth Sync="TRUE">5</attwidth><atprecis Sync="TRUE">0</atprecis><attscale Sync="TRUE">0</attscale></attr><attr><attrlabl Sync="TRUE">CO_FIPS3</attrlabl><attalias Sync="TRUE">CO_FIPS3</attalias><attrtype Sync="TRUE">String</attrtype><attwidth Sync="TRUE">5</attwidth><atprecis Sync="TRUE">0</atprecis><attscale Sync="TRUE">0</attscale></attr><attr><attrlabl Sync="TRUE">CO_FIPS4</attrlabl><attalias Sync="TRUE">CO_FIPS4</attalias><attrtype Sync="TRUE">String</attrtype><attwidth Sync="TRUE">5</attwidth><atprecis Sync="TRUE">0</atprecis><attscale Sync="TRUE">0</attscale></attr><attr><attrlabl Sync="TRUE">CO_FIPS5</attrlabl><attalias Sync="TRUE">CO_FIPS5</attalias><attrtype Sync="TRUE">String</attrtype><attwidth Sync="TRUE">5</attwidth><atprecis Sync="TRUE">0</atprecis><attscale Sync="TRUE">0</attscale></attr><attr><attrlabl Sync="TRUE">CO_FIPS6</attrlabl><attalias Sync="TRUE">CO_FIPS6</attalias><attrtype Sync="TRUE">String</attrtype><attwidth Sync="TRUE">5</attwidth><atprecis Sync="TRUE">0</atprecis><attscale Sync="TRUE">0</attscale></attr><attr><attrlabl Sync="TRUE">CO_FIPS7</attrlabl><attalias Sync="TRUE">CO_FIPS7</attalias><attrtype Sync="TRUE">String</attrtype><attwidth Sync="TRUE">5</attwidth><atprecis Sync="TRUE">0</atprecis><attscale Sync="TRUE">0</attscale></attr><attr><attrlabl Sync="TRUE">CO_FIPS8</attrlabl><attalias Sync="TRUE">CO_FIPS8</attalias><attrtype Sync="TRUE">String</attrtype><attwidth Sync="TRUE">5</attwidth><atprecis Sync="TRUE">0</atprecis><attscale Sync="TRUE">0</attscale></attr><attr><attrlabl Sync="TRUE">CO_FIPS9</attrlabl><attalias Sync="TRUE">CO_FIPS9</attalias><attrtype Sync="TRUE">String</attrtype><attwidth Sync="TRUE">5</attwidth><atprecis Sync="TRUE">0</atprecis><attscale Sync="TRUE">0</attscale></attr><attr><attrlabl Sync="TRUE">CO_FIPS10</attrlabl><attalias Sync="TRUE">CO_FIPS10</attalias><attrtype Sync="TRUE">String</attrtype><attwidth Sync="TRUE">5</attwidth><atprecis Sync="TRUE">0</atprecis><attscale Sync="TRUE">0</attscale></attr><attr><attrlabl Sync="TRUE">METAID</attrlabl><attalias Sync="TRUE">METAID</attalias><attrtype Sync="TRUE">String</attrtype><attwidth Sync="TRUE">25</attwidth><atprecis Sync="TRUE">0</atprecis><attscale Sync="TRUE">0</attscale></attr><attr><attrlabl Sync="TRUE">ISNEW</attrlabl><attalias Sync="TRUE">ISNEW</attalias><attrtype Sync="TRUE">SmallInteger</attrtype><attwidth Sync="TRUE">2</attwidth><atprecis Sync="TRUE">0</atprecis><attscale Sync="TRUE">0</attscale></attr><attr><attrlabl Sync="TRUE">Shape_Length</attrlabl><attalias Sync="TRUE">Shape_Length</attalias><attrtype Sync="TRUE">Double</attrtype><attwidth Sync="TRUE">8</attwidth><atprecis Sync="TRUE">0</atprecis><attscale Sync="TRUE">0</attscale><attrdef Sync="TRUE">Length of feature in internal units.</attrdef><attrdefs Sync="TRUE">Esri</attrdefs><attrdomv><udom Sync="TRUE">Positive real numbers that are automatically generated.</udom></attrdomv></attr></detailed></eainfo><mdDateSt Sync="TRUE">20140721</mdDateSt></metadata>
